,hashtag,tweet_id,image_path,body_text,text_with_OCR
0,gopdeathpanels,1231754591357853696,./tweet_data_general/ageism_2020-02/gopdeathpanels/tweets4/ERgSRbWXYAAEEGc.jpg,"@PostTheOnion @DivineDemDiva @BillinPortland @maddenifico üòÇüòÇüòÇüòÇ

Trump lies about EVERYTHING. Why do you think he won‚Äôt talk about his nonexistent healthcare plans until AFTER the election? And his legal filings to destroy ACA are in the courts right now. #GOPDeathPanels https://t.co/pU2FdPcnkc","Cua

tfc

aXe

ja
"
1,karen,1225255166699540481,./tweet_data_general/ageism_2020-02/karen/tweets1/EQD7EydU8AAEFUQ.jpg,"After seeing multiple social media inquiries regarding essential oils staving off #coronavirus as well as flu

Stop. Just Stop. 

Wash your hands #Karen. Wash your hands. https://t.co/ZvqxruEAEt","i

CORONAVIRUS

COMING To THE US

4 LAVENDER ESSENTIAL GIL

a

uf

s
"
2,karen,1225465854155948032,./tweet_data_general/ageism_2020-02/karen/tweets1/EQG6rdgWAAAGNeK.jpg,@Babsy_grange  @PSimpsonMiller @UKinCaribbean @hcassamba @JamaicaGleaner @TheVoiceNews  @VMBS_UK @_JNMoney @rjrnews @ziggymarley @Romarley @damianmarley @MaestroMarley @JulianMarley  @stephenmarley @cedellamarley #Sharon #Karen @nanaritamarley Happy  75th Birthday Our King‚ù§üíõüíö https://t.co/402PIrOEvr,"eee

pore

a

a

aged

ih

at

v

or

an

bs

tee

ay

V7

cs

a

es

a

a

43

i

aA

ro

y

3

cram

Ss

a
"
3,karen,1224876732592939008,./tweet_data_general/ageism_2020-02/karen/tweets1/EP-i5RCWoAAfAPF.jpg,It be that way sometimes! #CheapPop #Karen #tuesdayvibes #IowaFiasco #Memes https://t.co/FEgqpHIahN,"After you defeat all of the Karens you

gotta face Mega Karen

i

1G Odavie

co
"
4,karen,1225481745484668928,./tweet_data_general/ageism_2020-02/karen/tweets1/EQHJJiTXUAEvD1_.jpg,"Tuh-day is not the day! And tuh-morrow ain‚Äôt it either! So #Karen, when you choose to cc my boss unnecessarily, please remember this life lesson. #iamnottheonebooboo #imbarelythetwo #pettybetty #rosaparks #workchronicles #blackhistorymonth https://t.co/6wVol50eRn","aw

195

Rosa

P rkS
"
5,karen,1224901840443101184,./tweet_data_general/ageism_2020-02/karen/tweets1/EP-5ujRUUAEzls-.jpg,@JUSTIN__GifOver i'M aNgRy!  lEt mE sPeAk tO yOuR mAnAgEr #KAREN #BooHoo https://t.co/MCteeYcqk5,"vine

i

same KARENI

i
"
6,karen,1225404251955793922,./tweet_data_general/ageism_2020-02/karen/tweets1/EQGCq37UEAAEYIB.jpg,What in tarnation Alabama Betty Crocker kinda bullshit is this?! No mimosas üçäü•Ç at the airport before 6am? Don‚Äôt these clowns ü§° know that airports do not recognize the drinking time continuum ‚è∞üõë and I have a 6am flight? #karen https://t.co/Jxfu78BXQ4,"i

oN

Ves

of St

i

ae

R

A

4

are

2

mt

a

2

aay

os

re

ES

i
"
7,karen,1225096353287745538,./tweet_data_general/ageism_2020-02/karen/tweets1/EQBqou0U8AEEGCa.jpg,@professorhatton When Eliza is given female freedom only to become a soccer mom #karen #coolmom https://t.co/3AzSk4Q4V9,"ovpot a requiar momssm a

t
"
8,karen,1225399026083864577,./tweet_data_general/ageism_2020-02/karen/tweets1/EQF96oeX0AAUSt7.jpg,"Here's why State Farm is canceled! PSA DO YOUR JOB hehe  #TheContentYouDidntAskFor #KAREN

https://t.co/04kgT9pqJC https://t.co/wVcnnJNfkP","ee

S

State Far
"
9,karen,1225393382081605638,./tweet_data_general/ageism_2020-02/karen/tweets1/EQF4yL5W4AsAhQr.jpg,@kryptid_koffee its the ultimate Karen comittee #caniseeyourmanager #karen https://t.co/fn0go79YR4,"Dia

all see that

nasty nasty

af HhacTanl Bele Niee

iim

ine

DM ot
"
10,karen,1224577090885947394,./tweet_data_general/ageism_2020-02/karen/tweets1/EP6SX-eXkAETRKB.jpg,"üî∂ LUXURY SEMI-DETACHED 4 BDRM VILLAS @25M 
üíö ALL EN-SUITE
üå≤WOODEN FLOORS
üî∂JACUZZI 
üå≥ SOLAR WATER HEATING SYSTEM
üìå #KAREN  #RONGAI ALONG GATAKA RD
üìû 0717357345
üìßthetenvillas@gmail.com
üíªhttps://t.co/ym0x7j3kAT #holiday #safari #Kenya #realestatekenya #villa #homekenya https://t.co/nHtxaZV3Ty","Ly wN

fn

a

on

Pi 2

Dee

aR

J

z

se

Ag

om

ie
"
11,karen,1224502944017481730,./tweet_data_general/ageism_2020-02/karen/tweets1/EP5O76SUUAIR9SJ.jpg,Omg I'm totally being a #karen but this is probably the worst pasta I've ever had.  #notimpressed #eataly https://t.co/vyHttvZyjk,"he

ee

oe

Nts

wes
"
12,karen,1224521394081484802,./tweet_data_general/ageism_2020-02/karen/tweets1/EP5ftuRWsAAQ8nE.jpg,"Telling us the plan won't work to split the 3 delegates in our Sioux City precinct. #CaucusForBernie people clapped...totally made me not wanna go over there. They are also making fun of #CaucusForPete chairwoman, calling her #karen. Jerks. #IowaCaucus #IACaucus https://t.co/Ix9KVcVWCE","a

wo

ry

a

7

ary

La

wr Ne

vray

tf

ian

vig

uf

Pri

Vi

rah

tS ale
"
13,karen,1224464501925457920,./tweet_data_general/ageism_2020-02/karen/tweets1/EP4r-UlXkAIvUQm.jpg,Damnnnnn shots fired haha Karen‚Äôs are not shakira fans #HalftimeShow #karen https://t.co/QfQcTyf6q9,"y

oie

UF

ih

ww

SUPERBOWL Wil

E

M

Lill

SH

ve

TS

ce i

fy

VJ

RB

OV

WHITE WOMEN

ID de

IV

it
"
14,karen,1224258820353839105,./tweet_data_general/ageism_2020-02/karen/tweets1/EP1w5Z_UYAAdY7b.jpg,.@IRIglobal we're supporting political parties in developing their qualitative data collection and analysis skills by working with 8 political parties in #Kayin State #Myanmar on how to conduct and better understand focus group discussions #Karen #Burma https://t.co/T137ow1HUj,"ms

ae

Ne at

A

4

A

F

eee

S

en

a

Ma

oe
"
15,karen,1224815577102979079,./tweet_data_general/ageism_2020-02/karen/tweets1/EP9rRAdXkAEoDij.jpg,#UniversalCredit Honest #Karen #Respect https://t.co/NZyvYXKKUx,"4

as

ns

4a

s A

e

38

es

oF

a BY

SS

ere

SX

a

aata dh

2

hee a Shaker but no

o fe

ve

mm just normal Nee

AWOL IS

o e

a

i

CLAN ANN

Yeo
"
16,karen,1224251577118216193,./tweet_data_general/ageism_2020-02/karen/tweets1/EP1qUjJXkAAOsLL.jpg,"No Taco Tuesdays for Karen,
Cuz she a basic bitch.

#basic #basicbitch #karen #karenmemes #shelookslikeakaren #karenenergy #aintthatwhite #saltandpeppertoospicy #toospicy #yallwantanyhashtags #hashtaggameonfleek #lookmomimadeahashtag https://t.co/m1eZVPUdZe","45 year old white ladies in Mexican

restaurants after saying gracias to

the waiter
"
17,karen,1224397141822648321,./tweet_data_general/ageism_2020-02/karen/tweets1/EP3uq6vX4AARNDA.jpg,"Local #WichitaFalls losing their minds over #HalftimeShow2020. Worse, posting ""click bait"" for cheap likes and comments. GROW UP. If I had a body like #JLo or #Shakira I'd be on a pole atop the roof of a Falls Ride bus. Stop hating &amp; join a gym, #KAREN https://t.co/clUvktvtvT","OMG PHN

Li

TEVE THAT Ht

E SHOW

F

rt

AS

y 4

3

s 3

UT IT

CU

IN 8 GE Vou

TH

THEN
"
18,karen,1224802853249781760,./tweet_data_general/ageism_2020-02/karen/tweets1/EP9fs5pWAAQCNPL.jpg,#coronavirususa #essentialoil #KAREN bring it bitches https://t.co/kYNxOcDqR9,"rt Om

Yi

f

er

ai

e

C

0

RONAWIRUS

COMI

NG TO THEULS

con

3 LAVENDER ESSENTIAL Oil

aa

4

V

p
"
19,karen,1224599583789068288,./tweet_data_general/ageism_2020-02/karen/tweets1/EP6m05uW4AEec8K.jpg,@Erikajakins @RealMattCouch You heard from #Karen right https://t.co/8l7H5pMOTW,"KAREN

a

they sucked

RAL IME

and are ugly

Cs

fs Ree

TY AF
"
20,karen,1224015290842931203,./tweet_data_general/ageism_2020-02/karen/tweets1/EPyTaYIXkAA5cGg.jpg,They‚Äôre already all over my Facebook trying to sell me magic essential oils to ward it off ü§£üôÑ #coronovirusoutbreak #coronarovirus #KAREN https://t.co/EJUqY382z6,"ry

a

i

COnonavinuS

COMING TO THES

2 LAVENDER ESSENTIAL Olt

c

ia

Py

p

j

amgfipcom

w
"
21,karen,1223911866856091648,./tweet_data_general/ageism_2020-02/karen/tweets1/EPw1WFCWAAA8z-u.jpg,"Want to spice up your wardrobe, looking for a Valentine's gift, or just shopping for shapewear and basics? Whatever your needs are, Forever 254 has got you covered! Come explore our collections and shop today. #forever254 #underwear #lingerie #shapewear #waterfrontkaren #karen https://t.co/QTWJ68AwQq","S

7

2

is

coala lee

eats
"
22,karen,1223804626438324224,./tweet_data_general/ageism_2020-02/karen/tweets1/EPvT0qKX0AIf9So.jpg,"#Karen #Civil üá≠üáπ on #Instagram: ‚ÄúIf you adore her.. Dior her..‚Äù
https://t.co/rk3LyVMqAB can we have her for the #black @Dior girl please!!! I am not asking about the elephant &amp; tiger/lion, that stays https://t.co/3dhIuAI2Qh https://t.co/MvsamvHwNx","A

TW

Pe

tte

A

Rely

he

te

ee

g

Yi

Ww

a

f

et

te

atl

i

Hie

be

4

Teh

im

et

fe

ent

fe

i

Yes

ae

al

te

e

ety

ss

Ns

fe

eG

ce

c

HAL

sin

mm

Dee

Ee

re

t

ey

V

a6

e

fe

pr

i

Bi

cn

S

Be

cnt

ah

gk

Hy

ee

at

i

sit

t

ee

fe

ips

a

a

t

ay

vate

ae

ge

o

A

x

cet

i

x

Ks

cis

4

ei

i

it

a

Se

ee

a

a

nye

ae

ig

Shes

aS

eee

fh

ae

rae

iS

es

al

Of

se

ne

i

i

ae

hee
"
23,karen,1224211412807012352,./tweet_data_general/ageism_2020-02/karen/tweets1/EO3OYr-WoAAxepG.jpg,"üî∂ LUXURY SEMI-DETACHED 4 BDRM VILLAS ON SALE
üíö ALL BEDROOMS + DSQ EN-SUITE
üå≤WOODEN FLOORS
üî∂JACUZZI 
üå≥ SOLAR WATER HEATING SYSTEM
üìå #KAREN  #RONGAI ALONG GATAKA RD
üìû 0717357345
üìßthetenvillas@gmail.com
üíªhttps://t.co/ym0x7j3kAT https://t.co/KXL8G65HN0","i

oun

E

an

i

TT

t

ie

A f
"
24,karen,1223775928611999746,./tweet_data_general/ageism_2020-02/karen/tweets1/EPu5uAGX0AAp8sj.jpg,"#Carpenters #SaturdayThoughts

The year that #KarenCarpenter was born (1950), ""#Karen"" ranked 12th most popular baby girl name in the U.S. https://t.co/mOINBbSwC4","os

ed

Crd

EC xese

Co otad

pod

Cats

bose

Eee re

l

cog

pn

l

Most yet laa

eR Uy

sF Cl gm lRatet3

Boxy

Poeuety

18923

pay

1950

x

ecu e em CoM4D Oe CCR CLC

ed
"
25,karen,1223981890031378432,./tweet_data_general/ageism_2020-02/karen/tweets1/EPx1CiMVAAIVTP0.jpg,"For #Myanmar, likely victims of @realDonaldTrump's new rights abusing travel ban are relatives of #Karen, #Karenni &amp; #Mon refugees who r now US citizens. Bipartisan Congressional majorities consistently supported their resettlement from #Thai-#Burma border https://t.co/7aYLjnGWH5 https://t.co/LspEum2jNb","vi

AN

Ra

N

i

Fine

0

ail

48

a
"
26,karen,1223765890891755520,./tweet_data_general/ageism_2020-02/karen/tweets1/EPuwlyzWkAk5KCJ.jpg,Nothing  beats #KAREN #Corona #CoronaOutbreak #coronavirus https://t.co/FmOprt0bWw,"ie

Cononavinds

COMING 70 THE US

z

rb

 LAWENDIER ESSENTIAL GIL

c
"
27,karen,1223757980987985920,./tweet_data_general/ageism_2020-02/karen/tweets1/EPupZRYWoAUOfj3.jpg,Who did this ??? ü§£ #Coronavirus #coronavirususa #CoronavirusOutbreak #karen $aapl #thirsty https://t.co/DlhzUF1DtU,"i

CORONAVIRUS

COMING TO THE US

4 LAVENDER ESSENTIAL OIL

a

l

f

area
"
28,karen,1223994797385551873,./tweet_data_general/ageism_2020-02/karen/tweets1/EPyAxo-XkAAjiR0.jpg,"OK- this pix is just not right-here we go with the #Karen thing-and essential oils to cure viruses.Karen, RN speech: wash your hands, stay home when sick, eat right, sleep 8 hrs, cough in elbow AND it‚Äôs not too late for the flu shot- the #flu is more dangerous than coronavirusü§î https://t.co/xIzTo1bWG7","ha theflexibledietinglifestyte

Ml

Mi

pees

i

CORONAVIRUS

COMING TO THEUS

s

wart

LAVENDER ESSENTIAL GIL

KAREN WITH

e

Y

g

i

7

LAP
"
29,karen,1224146623867035648,./tweet_data_general/ageism_2020-02/karen/tweets1/EP0K2pQXsAAurbr.jpg,@ewarren Warren is a #KAREN https://t.co/kfGhXTULZv,"ps4

1

imm

a

i

Mag

Fag

tt

I

zi

N

a

J dessenc

r vt
"
30,karen,1223795983504629761,./tweet_data_general/ageism_2020-02/karen/tweets1/EPvL9hGWAAEkWON.jpg,"#Karen #Civil üá≠üáπ on #Instagram: ‚ÄúIf you adore her.. Dior her..‚Äù
https://t.co/zsR2Mewz7A can we have her for the black @Dior girl please!!! I am not asking about the elephant &amp; tiger/lion, that stays https://t.co/k5jU8ZzN55","ke

a

wed

ee

phe

iH

x

ea

ae

athes

om

fos

ea

Seo

a wit

ary

ACK

Oakes

e

ae

wt

a

a

4

eh

ied

wale

a

oo

AAS

wake

asic

wil

Sh

wae

ios

w

ie

ane

awe

Ca

ed

6

ae

a

a

K

eat

2

se

ene

an

aan

ace

ae

a

Er

anc

jane

ick

yes

A

jw

ake

Ss

anit

i

re

ee

ara

eae

i

eal

ae

Seni

Cad

we

aalitve

aw

ea

aa

at

oe

4

a

wt

4

a

5

Bs

3

Re

5

eRe

BeBe

Ses

BS

eS

ee

Bees

ERY

Be

RS

a

6s

4

nh

am

y

4

w

2

i

mn
"
31,karen,1223819808669675520,./tweet_data_general/ageism_2020-02/karen/tweets1/EPvhcBtWoAAmN0S.jpg,Essential oils won‚Äôt work #KAREN #coronavirus #US #coronovirusoutbreak #DNCRigging https://t.co/tn76hp4iid,"rt

4

i

FS sonnvnis

com ING TO THEULS

y MAREN WITH

S

LAVENDER ESSENTIAL GIL

ol

ys

v

ae
"
32,karen,1224054173731360769,./tweet_data_general/ageism_2020-02/karen/tweets1/EPy2yAJWsAAgrH7.jpg,"That‚Äôs a lot of people demanding to speak to the manager.
#GoNiners #Karen https://t.co/Mvos9AIoEM","pose

o f ore

ne

ua

MN

st

aad

Nae

s

aa

el

Soe

ar

7

ii

eae

t

bo

shaeaer

iT

1 eo

ec

io
"
33,karen,1223716906416443392,./tweet_data_general/ageism_2020-02/karen/tweets1/EPuEAm2X0AEA4yt.jpg,I wish I could make this shit up #karen https://t.co/qytgOo6ryM,"f

aatt

A

ow

eo

a4

2

Pe

NZ

VJ

4

see

vi

hi

ou

Ce

Ge

fie

i
"
34,karen,1223980721322242048,./tweet_data_general/ageism_2020-02/karen/tweets1/EPxz-pXWoAEFPLD.jpg,"Spongebob Squarepants Season 5 Analysis + Review!
#SpongebobSquarepants #spongebob #Patrick #Squidward #Plankton #Karen #Nickelodeon #Nicktoons #Nick #MrKrabs https://t.co/cFNrFH3L3G","2

LP

aA ft

SQUAREPANTS

SEASON S
"
35,karen,1223439915427348480,./tweet_data_general/ageism_2020-02/karen/tweets1/EPqIHYsU0AAJmSM.jpg,"There are no coincidences. 
Man, I love it when trippy stuff like this happens! 
To read about this fun ride, all my #facebook posts are public.
üëâüèº https://t.co/7eURxqSjEs || #LasVegas #taxi #Karen #twin #serendipity #military #awol 
üôãüèªüöïü§£üí•üëèüèºüå¥üåµüçÄ https://t.co/TnQDQ7vdYm","oe

ho

a ue

1

Sq

NY
"
36,karen,1223485296378961920,./tweet_data_general/ageism_2020-02/karen/tweets1/EPqxY8EVUAAWKh4.jpg,Don‚Äôt be a #Karen https://t.co/kVZ7JUFyej,"Karen attends a hockey match

con

rt

ia

Z

ef

voy

es

f

3

Dont be like Karen
"
37,karen,1223458474102861824,./tweet_data_general/ageism_2020-02/karen/tweets1/EPqY_5OWAAI--JC.jpg,"#Iconic #Burberry #Trench #Coat #Karen #Elson #Campaign #Coat Uk 6/8 Us 2/4 Eu 34/36
https://t.co/fEW4ROi0f2 https://t.co/LW27mDDjAs","i

4
"
38,karen,1227701553005416448,./tweet_data_general/ageism_2020-02/karen/tweets2/EQmsDPxU4AEyuBr.jpg,"Twitter makes me sick.
The grammar nazis graduated to the PC police &amp; on my life you can't even say something silly w/o some useless passive aggressive bitch coaching u on how to frame your tweet.

I'm 44. Imma say wtf I say.
#fuckpc #imgrown #eatadick #karen #dogfacedponysoldier https://t.co/PQV5kqw8Bk","Dont Give A Faaaack
"
39,karen,1227824329381076993,./tweet_data_general/ageism_2020-02/karen/tweets2/EQobuKxX0AAb0Xj.jpg,Such a Susan! üòÇü§£üòÇü§£ #karenmemes #karen #old #boomer https://t.co/aCaUii8J1f https://t.co/BeAnymGoSG,"ie

ference haul

offer over to me

nadie

Fs

Ns

t

Sorry I cant fax

a

from where I live

a

ze

a

Pe

a
"
40,karen,1227340458927558656,./tweet_data_general/ageism_2020-02/karen/tweets2/EQhjn3qWAAAxCN6.jpg,This made me laugh. @StarTrek #Borg #Karen https://t.co/nDE5Oht2BO,"sTossp

auy Sst oF

od

oy 4

aN

s

eS

a

ro

we

e

wy

aie

Hi

a

aw

a

S
"
41,karen,1228040259608498176,./tweet_data_general/ageism_2020-02/karen/tweets2/EQrgF8yWoAQU8qS.jpg,"Karen made it to #SONA2020
#SONA #karen https://t.co/teYbMdqRG5","OS

ARLIAMENT

wh

1931

i

ge

Pry

A

ta

is

ied

i

eee af

x

ay

SAB

SPEAKER SAYS RULE 1

LR

SAPP AVAILABLE HOW

sis TAKEN AT A JOINT a

ine SAYS NO VOTE MAY
"
42,karen,1227952069283176449,./tweet_data_general/ageism_2020-02/karen/tweets2/EQqP4_gUYAMbTDf.jpg,@newscomauHQ Whoops ü§∑üèª‚Äç‚ôÇÔ∏è #auspol #pennywong #Australia #sportsrorts #ValentinesDay #karen https://t.co/zWlhLJcIe8,"EXCLUSIVE

A tyrant and a fraud

MP blasts indigenous

CEO

The boss of one of WAs largest Aboriginal corporations

allegedly fleeced millions from the organisation

Parliament has been told while doubts about his

indigenous heritage were also raised

rs

i

aa ry

2 State Political Editor

CN

Too
"
43,karen,1226738415846281216,./tweet_data_general/ageism_2020-02/karen/tweets2/EQZAFXqXUAEaHi-.jpg,The #Karen look is almost ready for #katsu #katsu2020 #katsucon https://t.co/q9rUp14Pwv,"my

Sep aU

ieee

OUR

Benen y a n

aNaio1s

5

5S

ies
"
44,karen,1226799843860996098,./tweet_data_general/ageism_2020-02/karen/tweets2/EQZ38y3X0AAuzQH.jpg,"Printing,Branding and Design of all merchandise
+254700427966
+254732909133
leafrickenya@gmail.com
#mondaythoughts #MondayMotivaton #Moi #MainaAndKingangi #MensConference2020 #Kenya #IFMIS #ikokazi #IkoKaziKE #patakazi #Nairobi #Africa #Barclays #Absa #thikaroad #Karen #Brand https://t.co/jZyJGFqgLc","a

JAVA

eee

ase 4

PRINTING BRANDING

leafrickenyagmailcom

Wa
"
45,karen,1226827225422614528,./tweet_data_general/ageism_2020-02/karen/tweets2/EQaQ0tGXsAATf-A.jpg,Today in #Autism Awareness the topic revolved around conversation; the way to effectively communicate with #Austistic individuals and the issues which arise with non-verbal communication. #Makaton Thanks to #Karen from @actionasd for delivering the training. #autismawareness https://t.co/IszI6obKaW,"maa

rom

EE rma

al

Sa

Ky

re ee

3 on
"
46,karen,1226857520347500545,./tweet_data_general/ageism_2020-02/karen/tweets2/EQasaDeVUAAUpFj.jpg,@stefania_model She‚Äôs now the 2nd greatest #Karen of all time! üî•üëçüî•üëçüôåüôåüôåüíØüíØüíØ https://t.co/06T3QyeWJZ,"zy
"
47,karen,1227254788821340165,./tweet_data_general/ageism_2020-02/karen/tweets2/EQgVuLUXsAM3MAh.jpg,"Karen: ‚ÄúWhy are these damn millennials so antisocial?‚Äù

Also Karen: *taps my shoulder*

Me:
#andthenkarensnapped #Karen #okboomer https://t.co/8PVkw21kuC","ao
"
48,karen,1226853229692178433,./tweet_data_general/ageism_2020-02/karen/tweets2/EQaofRbWAAIMN_B.jpg,"You can rely on Mwananchi to upgrade your unreliable ride....

#karen
#Koigi
#kanu https://t.co/pg72DdKNEV","be

z

4

cag

wv

ay

57

ar

ws

3

Per

t

1

nl

a

a

1

Na

4

ee

cy

TMs

ger

Upgrade with M

Diva Asset Finance

0709 147 000

Mwananchi

CREDIT

INVESTOR NM PEOPLE
"
49,karen,1226752885012279296,./tweet_data_general/ageism_2020-02/karen/tweets2/EQZNO_XWoAAM2Qe.jpg,"Good Morning Tweeps, wishing you a fruitful week ahead. For the best quality Espresso Machines, reach us out on 0738 703 983.

#karen 
#Westlands
#BaristaLife https://t.co/WKpU82IHeC","e

Th

Urs ost ary

EAST AFRICA LIMITED

WWWUNIEASTAFRICACOM

4 ee

a
"
50,karen,1226810241532063744,./tweet_data_general/ageism_2020-02/karen/tweets2/EQaBaOkUUAEYI1q.jpg,"#DearCustomer

This is why we hate you, #Karen https://t.co/93wY47jkpS","meat

py

OTS

Ef

4

a

a

a

AE

Ne

a

a

a

Se

mA

35

me

s

Yes

SS

Ad

aL

ua

Od

ER A
"
51,karen,1226685211515056128,./tweet_data_general/ageism_2020-02/karen/tweets2/EQYPsNUVAAE2-GN.jpg,"#KAREN , I see your #whitewinewithdinner and I raise you my #monster #energydrink in a wine glass. https://t.co/CqRMrdKW1Q","ee eee

pny
"
52,karen,1226261536546721792,./tweet_data_general/ageism_2020-02/karen/tweets2/EQSOXBPW4AAFwZn.jpg,"I think she may have lost the retail worker demographic.
#DemDebate #DemDebate2020 #DemDebates #Election2020 #AmyForAmerica #Amy #AmyKlobuchar #DearCustomer #Karen #Retail #RetailLife #RetailHell https://t.co/p1o02OmQFN","ab

lntece

eee

ae

Amy

Klobucharis here

tor

Loree eee

ebate the manag er
"
53,karen,1226512916532355077,./tweet_data_general/ageism_2020-02/karen/tweets2/EQVy_iMXUAElXD4.jpg,"We had the great pleasure of meeting the fab @karenwrightbake on Fri @thecandiedpeelcakeco . #karen will be running a 3hr course here in June, making her fabulous #summerfruit tarts. Bookings can be made in store @ 46 Town Street, Farsley, Pudsey, LS28 5LD.  #tarts #local #cake https://t.co/yn91EYhuMU","THE GREAT BRITISH

BAKE OFF

ha Lome

Wie

ie

9

WS

ey

me

iene af 17

nS

Miqatsy

a

hecandicdpee

Set Treats

ae Fe aad

Icakecocom

om

rt

ma

q

aS

a

te

it

PB

7 an
"
54,karen,1226508261379248128,./tweet_data_general/ageism_2020-02/karen/tweets2/EQVuwKwW4AAQK8d.jpg,"Finally The Three Have Met Again. It is a Re-Union.

The Lord is the Giver of Life. No one should ever take out the other.

President Mwai Kibaki was also a Friend to Professor Chrispine Odhiambo Mbai

#MoiBodyViewing #MIGUNAMIGUNA #Karen https://t.co/O6EonHNglf","me

bat

qh

te

a
"
55,karen,1226510499669594112,./tweet_data_general/ageism_2020-02/karen/tweets2/EQVwyMaWAAA4rhP.jpg,"Good Job DCIO. 

Are you going to take them to WUHAN DISTRICT where they came from?

#Karen #MIGUNAMIGUNA #MoiBodyViewing #Kamiti @MarthaKarua https://t.co/sRYkckt5yh https://t.co/HmIxofIxLK","a

DCI KILIMANI

ais

NAIROBI

ae

Ree

SC Ao Ee ac

MosneNe O75e84567

a Eee
"
56,karen,1226053805709680641,./tweet_data_general/ageism_2020-02/karen/tweets2/EQPRWFkWsAAKK1T.jpg,"Exciting and successful #Karen Women's Road Race!
Congratulations @nancieakinyi for taking 1st place
#DadaRides https://t.co/34Fe5xHES1","wa 6

aX

vi

eet on

be

is

fet

i

Oe at

mn owe

eo

ic

Bia

oa

err

es

8

a

a

nese

rs

x

Ge

4y

a

an

SS

ee

of

i

Ma

8

ey

i

j

ae

gS

Se

es

i
"
57,karen,1226502730396635136,./tweet_data_general/ageism_2020-02/karen/tweets2/EQVpuxUWkA4ve1u.jpg,"...because the best part of Sunday was always the comics.
.
Life is a marathon, #Karen. 
.
#marathontraining @ilovetorun2009 @CLECLOTHINGCO #sundayfunday #everyonelovesaclevelandgirl #headupwingsout #fly #lifeisamarathon #notasprintkaren #marathon #Boston #2020vision https://t.co/E255sqmxTo","When Karen asks what youre training

for

el ae e100

Im training

for

a

f

aloe

S

PY

WZ

s

ii
"
58,karen,1226185973928734720,./tweet_data_general/ageism_2020-02/karen/tweets2/EQRJo4_WoAA6mrC.jpg,@blondemedSJW the nurses on my floor got a laugh at this. Sad at how accurate this really is. #KAREN https://t.co/aRluXNwnDP,"f i

a

rr t

fe

CORONAVIRUS

COMING TO THES

3

m MAREN WITH

2 LAVENDER ESSENTIAL OIL

w

ot

wy
"
59,karen,1226314972382273536,./tweet_data_general/ageism_2020-02/karen/tweets2/EQS-948WsAIDaLm.jpg,Current stay is really fulfilling all the memes. #Airbnb #SuperHost #Karen https://t.co/Ai1ihaKDSp,"Id like to talk

7

to the manager

wy

Ny

Re

ya

IW

l need to speak with

es

the regional director

l demand a parley

with the Chief

as

Executive Officer
"
60,karen,1225974012242808833,./tweet_data_general/ageism_2020-02/karen/tweets2/EQOI3V0XYAAIxuk.jpg,@karengillan Hi #Karen! I hope you get to star in and direct a Batgirl movie. #Batgirl https://t.co/4F942e5Bs5,"F

Wh h

mi

val

iN

4

ol

eA
"
61,karen,1225945657304895488,./tweet_data_general/ageism_2020-02/karen/tweets2/EQNvE1kWsAAaJ72.jpg,When #Karen watches the super bowl. https://t.co/vXAHA5Qx43,"y

ar

Oy

re

M7

aS

S

UPERBOWL

RERW OMEN

Lill

ies

aye

Pasta

a

6

Bow

Hr

HITE W

ake

OMEN

oD a
"
62,karen,1230016172734795776,./tweet_data_general/ageism_2020-02/karen/tweets3/ERHlMNcWkAAZTH-.jpg,"New Music | Rayvanny ft Karen - One | Mp3 Download (Tanzania Music).
&gt;&gt; https://t.co/gtDJi5sYGt

#One #Rayvanny #Karen #newmusic #Justvideolife https://t.co/OrNqB6DAtF","Beare KS

ee

Osh

CES

aS

EAS

eo

Ee

re

oy

ao

ee

he

me

a

See

meet

ee

ae

aS

ike

ra

2

Ese

gy

Bas

Ee

s

EY

i

a

a

A

a

i

BER

a

E

A

7

Ps

a

fs

iS

a

Wee

x

Pst

an

Fs

Ae

r

BS

4

Ree

iS

S

Fe

5

b

fa

oa

AGES

ae

5

a

i

2

aed

oy

a5
"
63,karen,1230571500241113089,./tweet_data_general/ageism_2020-02/karen/tweets3/ERPeJ0_WsAE5AyR.jpg,At the launch of the latest #QuickReads launch watching #Karen Napier from ‚Å¶@ace_national‚Å© supported ‚Å¶@readingagency‚Å© pay tribute to the power of reading #ihavethebestjob https://t.co/iHJ1QcqJ59,"nee

Start a new

nae

if

Wom W

chapter

vase

he

uN

ay

fp

x

Re

Nw

W

ei

Re

N

Be

eS

l

i

x

2
"
64,karen,1230107693089574914,./tweet_data_general/ageism_2020-02/karen/tweets3/ERI4ZyxVAAE4VRl.jpg,"so cool‚Ä¶

#KAREN 
#„Éï„É©„Ç§„Ç¨„Éº„É´„Ç∫ https://t.co/BQywFUb3Ev","Tt

t

je

we

op

ae

i

wie

a6

ze

oA

s

vis

oF

ae

of

om ne

ae
"
65,karen,1230053602648965121,./tweet_data_general/ageism_2020-02/karen/tweets3/ERIHOncUcAAGdj8.jpg,The look - Sexy Librarian or Karen from Accounts? #1970s #fashion #knitting #karen #waistcoat #vest https://t.co/aiqFTcvtv6,"WAISTCOAT COSTS 260

ts

S

a

ca

i

ot

ef

we

rg

ie

ie

LV

wwe

0

B

Dare

it

wa

ip

ue

f

Mm

1 RS

ea ao rhye
"
66,karen,1230473465246994432,./tweet_data_general/ageism_2020-02/karen/tweets3/EROFGEoXUAENNHt.jpg,"üî∂ LUXURY 4 BDRM VILLAS ON SALE
üíö ALL BEDROOMS + DSQ EN-SUITE
üå≤WOODEN FLOORS
üî∂JACUZZI 
üå≥ SOLAR WATER HEATING SYSTEM
üìå #KAREN  #RONGAI ALONG GATAKA RD
üìû 0717357345
üìßthetenvillas@gmail.com
üíªhttps://t.co/ym0x7j3kAT #nyumba #kajiado #Thursday
 #mortagekenya #InvestKenya https://t.co/TiPfNvvSBa","eas

pa

eG

aa

l

C4

ad

a

ny
"
67,karen,1230112085247311873,./tweet_data_general/ageism_2020-02/karen/tweets3/ERI8a6TU0AAz2Cj.jpg,Are you a Karen?Both the Dapper Chap and the Dude have been lately.Not our finest moments but it got the job done. #advicefromdads #reddit #advice #advicecolumn #podcaster #applepodcasts # #pearlsofwisdom #Karen https://t.co/C6V6OfBIq0 https://t.co/kOrnDU8ThM,"MANAGERS

SEOKEN fle a

ae

ty

lect

el

Lt

LEVEL KAREN UNLOCKED
"
68,karen,1230490628158623745,./tweet_data_general/ageism_2020-02/karen/tweets3/EROUsftWkAUAbrF.jpg,".@thetalentguru Enjoying repeats of #WillandGrace on 5 Star

Jack: Would I like a few unsupervised hours of rummaging through your closet? Does a gay bear have anonymous sex in the woods? üëÄüòÇ‚è≤Ô∏èüí£üî•

#Karen #Jack #JustJack #StudentNurseMcfarland #JackMcFarland https://t.co/6Ayu3OXFBd","WILLANDGRACE

 WUSHel

UCK

a
"
69,karen,1230429845097734144,./tweet_data_general/ageism_2020-02/karen/tweets3/ERNdaT5X0AAVy3O.jpg,"Custom-made suits, dresses, and fashion clothing at @evanolich 
Hit us up on 0720389026 or visit us today at Nacico Co-op Chambers, Kenyatta Avenue/Moi Avenue Junction, 2nd floor.
#BBINonsense #Karen #nairobiexpose https://t.co/Xqtb2vov8O","TALENTPRENEUR GALA 2020

Fashion House

Nacico Coop Chambers Kenyatta

Moi Avenue Junction 2nd flr

Bespoke suits for both ladies gentleman

Cell 254 720 389 026 4254 739 683 730

Wedding gowns bridesmaid dresses

Email infoevanolichfashionhsecom

Email evanolichfashionhse7 gmailcom

 Kitenge outfits fancy dresses

Web httpevanolichfashionhsecom

Corporate uniforms etc

bs

f

Mt

evanolichfashionhse

G Evanolichfashionhse

evanolich

evanolich designs
"
70,karen,1230216092775276544,./tweet_data_general/ageism_2020-02/karen/tweets3/ERKbAwPWAAEktpU.jpg,The Karenovirus is responsible for 3 managers being fired this month alone. #meme #memes #Karen #Coronavirus @Corona #CanISpeakToAManager https://t.co/IudNXm18x0,"The Karenovirus is responsible for 3

managers being fired this month alone

i

os

a

oe

y 4

r

fai
"
71,karen,1230564239451901959,./tweet_data_general/ageism_2020-02/karen/tweets3/ERPXgLYVUAowAGj.jpg,"Karen knows it ‚òîÔ∏è
Storm Dennis knows it ‚õà

#uk #highanddry #flood #stormdennis #CBD #CBDLDN #CBDUK #cbd #meangirls #karen #itswet #rain #botaniclab https://t.co/q5JiNfUCbm","es

f

y

fi

n

aS

Fe

renieoan

dear

Scat

te
"
72,karen,1230394687128666112,./tweet_data_general/ageism_2020-02/karen/tweets3/ERM5T_ZU4AA_GuG.jpg,3/ Local CBOs are conducting assessments &amp; gathering data but extremely remote area + poor communication infrastructure + precarious security situation makes things difficult. Updates on response to follow. End. #karen #myanmar https://t.co/YtEztCSuA7,"ee

ae

4

mite

ie

es

SEN

oh

4

oy

x

wy

i

it

os

Paecee

a

an

KC

oe

tA

ae

ie

3S

F

y OK

4

1

od

3

a

oo

arate

soft

re

on

ead

wt

ae

at

B

2

car

ee Ee

ae

3

ie

E

is

a

a

oe

a

X y

i

scat

we

oY

oo

poses

ye

i

29

aot

a

4

4

se

y

oe

see

4

a

5

2

pe

ine
"
73,karen,1229679456756916225,./tweet_data_general/ageism_2020-02/karen/tweets3/ERCy8xfXUAE8BeQ.jpg,"The Salween Peace Park photo exhibition to launch in Yangon, Feb 19 to Mar 14.
""We have many challenges. For example, Tatmadaw‚Äôs road construction project is threatening the livelihood of the people living around the Salween Peace Park.‚Äù https://t.co/aAK6x0A2Ft #Myanmar #Karen https://t.co/8FITIghaxA","T

Eel a ee

ae

PSY eo eda 4

aCe ee

19 February 14 March 2020 at Mahabandoola Park

The Salween Peace Park is an area of biocultural heritage that is an invaluable asset to a world facing

P integratessustainable livelihoods nature protection and

species extinction and climate change ey is

atic governance

Join us at the Yangon P

to shine a light on environmental and cultural preservation

The exhibit will display stui

s from the Salween Peace Park by Indigenous Karen and

giignal photographers

We

FOR MORE SNFORMATION CONTACT

Hsa Moo 09952 432 534

Saw Tha Poe 09750 115 992

a

lye

Q

Sow

ek

we

RS

N

IN

ba

ot
"
74,karen,1229690790294716416,./tweet_data_general/ageism_2020-02/karen/tweets3/ERC9QeTWoAEVF_5.jpg,"üî∂ LUXURY SEMI-DETACHED 4 BDRM VILLAS ON SALE
üíö ALL BEDROOMS + DSQ EN-SUITE
üå≤WOODEN FLOORS
üî∂JACUZZI 
üå≥ SOLAR WATER HEATING SYSTEM
üìå #KAREN  #RONGAI ALONG GATAKA RD
üìû 0717357345
üìßthetenvillas@gmail.com
üíª https://t.co/ym0x7j3kAT https://t.co/KjRzBU9WfW","oo

wl

Veo

a

Te

mR ee

a

Y

r

yi

N

i

i

i

ee

y

LL

SIA

yo He

og

man

a

A
"
75,karen,1229448827335213056,./tweet_data_general/ageism_2020-02/karen/tweets3/EQ_hMPwVAAExPtn.jpg,"üö®üö®NEWSüö®üö®

#Karen works for #Bloomberg https://t.co/ZGJnqJLzWS","Text Message

arele Eee e

Hi Im Karen from Mike Bloombergs

campaign With so much at stake

Americans deserve a Democratic

candidate who can beat Donald

Trump Will you support Mike2

NO KAREN

VOU CANNOT SPEAK TOA J

7MANAGER

a
"
76,karen,1229294737645080576,./tweet_data_general/ageism_2020-02/karen/tweets3/EQ9VAonWAAABFic.jpg,"#ABB√äIndoorCyclingStudio
#Spinstudio
#Dancefitness
#HIIT
#PersonalTraining 
LOCATION 
#karengataPark
#MarulaLane 
#Karen 

#MainaAndKingangi
#MondayMotivaton https://t.co/3BOmaKk3Gd","om

Rens

s

Ie

Xs

mnt

od 2

s oN

y

i

SERVICES

LOCATION

SPINNING

KARENGATA PARK

HITT GLASSES

MARULA LANE

KAREN

DANCE FITNESS

PERSONAL TRAINING

0726 60 99 76
"
77,karen,1228865253615833088,./tweet_data_general/ageism_2020-02/karen/tweets3/EQ3ObYWWAAIYIEn.jpg,The #Astros are officially the #Karen of the MLB https://t.co/Lmg2Lrc5o5,"L

Ne

CALM DOWN 7
"
78,karen,1229224894765780993,./tweet_data_general/ageism_2020-02/karen/tweets3/EQ8VfMGUwAABlkP.jpg,"This .... is a #Karen ....

#Wonderfalls https://t.co/SoLre83Nmk https://t.co/U5WjhsOwqN","oy

ay

rom

ten

Peek

Oy
"
79,karen,1229048752125743105,./tweet_data_general/ageism_2020-02/karen/tweets3/EQ51UrMWsAES5pw.jpg,"Saw this post today.....gave me the morning chuckles!
#SundayMorning #Sundaygiggles 
#Karen üòÇüòÇüòÇüòÇüòÇüòÇ https://t.co/NwG0zcvEDp","Once you defeat all the other Karens

his is the final boss

Stitheadsteve
"
80,karen,1229426888206057475,./tweet_data_general/ageism_2020-02/karen/tweets3/EQ_NO5dWkAA_d2I.jpg,I‚Äôm guessing there wasn‚Äôt much spice in her latte this morning... #karen https://t.co/FNuHv1M1VS,"es

A

By

i

5

5

ee

all

ogee

ae

i

sree

prs

af

La

aie

y ve

pee

a

e

wt

B

cs

ee

Z

if

Le F

es

b

4

a
"
81,karen,1229076967250694146,./tweet_data_general/ageism_2020-02/karen/tweets3/EQ6O-6YWkAEkV0n.jpg,Don‚Äôt be that guy. #Karen #rude https://t.co/NAts3Mnnmu,"MM

EE

4

e

fe

y

A

This is male Karen Male Karen is watching

YouTube on his phone on the train without

headphones Dont be like male Karen

Bes
"
82,karen,1229346053939453953,./tweet_data_general/ageism_2020-02/karen/tweets3/EQ-DtU8XYAAQm9m.jpg,"#Nairobi: Evening Talk by Dr. Richard Leakey (@TheLeakeyFndtn), Feb. 19 2020 @ Tamambo Karen Blixen
https://t.co/kAZA4yYeFy

Date: February 19, 2020
Venue: Tamambo #Karen Blixen
Time: 6.30 for 7 pm
Tickets &amp; Reservations: KES 1,500/- talk &amp; drink, KES 3,500/- talk, drink &amp; dinner https://t.co/W8J3qGYefY","Kenya Museum Society

po

ees Tey

MY VIEWS ON CLIMATE CHANGE AND

TRENDS TO A DIFFERENT KENYA

DR RICHARD LEAKEY FRS

Prof of Anthropology at Stony Brook University

New York and Founder Chair of the Turkana Basin

Institute Former Chair of KWS

WEDNESDAY 19 FEBRUARY 2020

TAMAMBO KAREN BLIXEN COFFEE GARDEN

Weicome drink 630 pm Talk 700 pm

Gaeta SE

Tickets and Reservations

Ksh 1500 Talk and drink

Ksh 3500 Talk drink and dinner

Payment Options

M PESA Paybill no 400800 Account no 6571570019

Cash

0724 255 299  INFOKENYAMUSEUMSOCIETYORG

WWWKENYAMUSEUMSOCIETYORG
"
83,karen,1229294582917222400,./tweet_data_general/ageism_2020-02/karen/tweets3/EQ9U5v8W4AEmSES.jpg,"#ABB√äIndoorCyclingStudio
#Spinstudio
#Dancefitness
#HIIT
#PersonalTraining 
LOCATION 
#karengataPark
#MarulaLane 
#Karen 

#MainaAndKingangi
#MondayMotivaton https://t.co/mzTihb2rq4","ve

ay

i ie

TF

4

im

aA

af

i

m

V

SS

So

ae

of

S

y
"
84,karen,1229254340004597760,./tweet_data_general/ageism_2020-02/karen/tweets3/EQ8wS0SVUAE3fD-.jpg,"How I feel talking to certain people
#EliteClarityNation #KAREN https://t.co/iCvdie75t3","ane

a
"
85,karen,1228508825461952512,./tweet_data_general/ageism_2020-02/karen/tweets3/EQyKQ17WsAAiFcZ.jpg,"https://t.co/EZdgrGoKnB No Karen, Panera doesn‚Äôt serve fried chicken ü§¶üèª‚Äç‚ôÄÔ∏è #panera #memes #karen https://t.co/U13UH1nvc4","gr

a

PANERA IS TOO EXPENSIVEl

Im going to Wendys
"
86,karen,1228786584541171714,./tweet_data_general/ageism_2020-02/karen/tweets3/EQ2G31LWkAIwsQK.jpg,"@TeddyPeppers67 As real as it gets. #Karen 
#Wisdom(1986) https://t.co/TbGw4MOSkf","s

By

we

a

OL

YOU TO WAIT KaREN

w

THE HELL WERE You7
"
87,karen,1228765834312638468,./tweet_data_general/ageism_2020-02/karen/tweets3/EQ10AvVXsAAysQU.jpg,"Hello, my name is #Karen and I‚Äôd like to speak to you manager https://t.co/VsfKPTVz62","i

mk

WARMING ASSOUTEY DO WOT HATE TS VE

a

A

Li

oa

i poe

VR
"
88,karen,1232650945701580800,./tweet_data_general/ageism_2020-02/karen/tweets4/ERtBfqbXkAI2-ww.jpg,DA's very own #karen complaining to the manager at the #BudgetSpeech2020  #BudgetSpeech https://t.co/X1dOJnJkd6,"va

a

rs

S

a

a

ie

wee

fy

l fl

s

my

A

4

a3

Finance minister Tito Mboweni INC A

Hl ptt eo

in

delivers the 2020 budaet speech

Beoao
"
89,karen,1232405550798864394,./tweet_data_general/ageism_2020-02/karen/tweets4/ERpiUJiWsAE1anG.jpg,Throw a Fit? üëçor üëé Love #karen https://t.co/ysz9OIcSdd,"Karen

MaNoLe IT

S44

i

es

A

si

AREN

SPULLING

KARE

SCOHOU

DERST

ro

eas

anneal

felis

oe

sci

KAREN IM KAREN THATE BENG

Gj

eum

THINGS

soreae 4aP11

Ne
"
90,karen,1232444320382242818,./tweet_data_general/ageism_2020-02/karen/tweets4/ERqFkn_X0AIKGpX.jpg,#Burma-#Myanmar: Army attacks against #Karen National Liberation Army (#KNLA) soldiers displaces 300 villagers as #SuuKyi tours Karen State ¬ª Wars in the World https://t.co/tU6IntL8R4 https://t.co/GCC9KHRc37,"a

my

age SBer5

ei

1

HOWL GENERAL

G

a

wv

a

ew

maf

oS

ahs

4

4

GEE

J

a

v
"
91,karen,1233001383097487364,./tweet_data_general/ageism_2020-02/karen/tweets4/ERyAOR8XkAAnWjt.jpg,"üî∂ LUXURY SEMI-DETACHED 4 BDRM VILLAS ON SALE
üíö ALL BEDROOMS + DSQ EN-SUITE
üå≤WOODEN FLOORS
üî∂JACUZZI 
üå≥ SOLAR WATER HEATING SYSTEM
üìå #KAREN  #RONGAI ALONG GATAKA RD
üìû 0717357345
üìßthetenvillas@gmail.com
üíª https://t.co/ym0x7j3kAT
#AveryFirst #house #realestateskenya https://t.co/7JqymeJIiL","oe

ae a

cs

y

ja

1

i

he

mM
"
92,karen,1232749427988860928,./tweet_data_general/ageism_2020-02/karen/tweets4/ERubEmDWAAE-1M3.jpg,"Karen's New Age Crystals Time ? üíéüíéüò≤

https://t.co/AVMX3cjBrP

#NewAge #Paranormal #Healing #NewAgeRager #NewAgers #Karen https://t.co/HrGgyZtYox","PRO

oN 8

aes

NG

SEO

g

4

ey

i

Ss

wall of

z

ae

vo

w

o

xu

eB

iQ

Nt

jc

haat

ew

E

i

3

fv
"
93,karen,1232875635019636737,./tweet_data_general/ageism_2020-02/karen/tweets4/ERwN2eSU0AE-c_O.jpg,"@CKNW @steeletalk OMG, an actual ‚Äú#Karen‚Äù!  https://t.co/xUUX7vETPG 
#WetsuwetenStrong #WetsuwetenSolidarity #bcpoli  #vanpoli https://t.co/ss15H8Kuk7","Really 4
"
94,karen,1232746350393077764,./tweet_data_general/ageism_2020-02/karen/tweets4/ERuYRLTWoAAgyCm.jpg,@Karensreal You were and are &amp; will always be a #BBCANICON #karen https://t.co/wB2Txkts7T,"ny

Gh

A
"
95,karen,1232956086438780930,./tweet_data_general/ageism_2020-02/karen/tweets4/ERxXBsTW4AARh5N.jpg,"üî∂ LUXURY SEMI-DETACHED 4 BDRM VILLAS ON SALE
üíö ALL BEDROOMS + DSQ EN-SUITE
üå≤WOODEN FLOORS
üî∂JACUZZI 
üå≥ SOLAR WATER HEATING SYSTEM
üìå #KAREN  #RONGAI ALONG GATAKA RD #realestatekenya #nairobiproperty #nairobihouses #Kenyahouses https://t.co/jDAnJ7nZ9j","aa

S

is 4

nemmne

Eee

cc

sere

a

S vai

eS

a ee

a

St
"
96,karen,1233011025215197184,./tweet_data_general/ageism_2020-02/karen/tweets4/ERyI_QYWkAAdfGS.jpg,"A face that makes retail workers shake in their khakis... 

#karen #karenmemes #idliketospeaktothemanager #unhappy #jagoff https://t.co/5Pnjw3vObT","WHEN THE RIDEWAS NOT AS EXCITINGERSPADVERTISED

ANDY

ian

EnNT TO SREMMRIORMMENNINAACER
"
97,karen,1232815839784689664,./tweet_data_general/ageism_2020-02/karen/tweets4/ERvXeBDX0AAb4cQ.jpg,I know a few ‚ÄúKarens‚Äù...Godspeed. #coronavirususa #Karen #CoronavirusOutbreak https://t.co/BSFrEnHIRL,"ony

ee

 S

tied

i

oe

srounuais

com ING TO THEUS

z

rs

3 LAVENDER ESSENTIAL OIL

EN

e

c

ia

4

r

amgfipcam

et
"
98,karen,1231905313181224961,./tweet_data_general/ageism_2020-02/karen/tweets4/ERibU1hU8AA3aqf.jpg,"Karen civil society, including @karenwomenorg and @khrg issue statements related to the shelling and displacement of civilians in Mutraw/Hpapun. #karen #Myanmar https://t.co/uZlR4ZkVxx","Try

ey

Karen Womens Organization  KWO

added 10 new photos

Ahrs

253 families including 864 women and 856 men

and 417 children under the age of 5 in Mutraw

district Karen State have been forcibly displaced by

armed conflict as fighting escalates due to the

expansion of the Burma Road The clashes have

taken place despite a ceasefire pact as many

attempt to escape indiscriminate gunfire and

shelling by the Burma Army in KNU controlled areas

in early February

KWO condemns these attacks and calls for IDPs to

be able to access humanitarian aid and safely

return to their villages We also call for an

immediate withdrawal of all Burma Army troops in

civilian areas

rs

ly

aS

a a2

Say

a

3

ar

rete
"
99,karen,1232384343399530497,./tweet_data_general/ageism_2020-02/karen/tweets4/ERpOm58U0AAA2li.jpg,"@BKaytweets @NastyWoman1012 Look at the payment I got from #TioBernie! I can spend it as soon as he gets elected.

#PresidentSanders isn't the Manager, #Karen:
https://t.co/CW6ibLJk8J? https://t.co/PM5IdpZXFo","a

ZA

PUBLIC RESERVE NOTE

See

Par wa RT Ne fe RY

2

SONOS DS AVACES

BS20164 P

fate

XK

OR PAWES TRG A

vs

CECT

ay

dl

aie

Cer

ee

5

a

Pesepetc tr ir

Rear

SY aON Mol me

S

a

ere

eg

Cd

a

De cod

aes

es

Sa

xe
"
100,karen,1231847527248351232,./tweet_data_general/ageism_2020-02/karen/tweets4/ERhmxSJUEAA7cBr.jpg,"A huge thank you to everybody who played a part in supporting the amazing @kcbgroup Autocross 2. Our warmest congratulations go to the winners of the competition, and we applaude all the participants who did a spectacular job! #waterfrontkaren #kcbautocross2 #karen #nairobi https://t.co/7QJ1bdp1kH","a

iG

iW

ya ee

a

s

on

a

Ta

8

Kid

ee

The

se

Pr

0

pis

p

Ce

Js

ff

eh

a

N

Ret

x

1

Nhe

al

6

5a

IG

ee

as

ay

7B

SS
"
101,karen,1231729532002078720,./tweet_data_general/ageism_2020-02/karen/tweets4/ERf7e20WkAIQaI6.jpg,I warned you about Karen.‚†Ä #karen #iwasright #9gag https://t.co/wRvS8a5dyN,"When everyone finally starts to dislike

the person you had a bad feeling

about all along

6

t

4d

Xt

Ky

S

t

VY

Ww

t
"
102,karen,1232130615505571843,./tweet_data_general/ageism_2020-02/karen/tweets4/ERloQ37XkAAGFb-.jpg,Hundreds of villagers forced to build new base for #Myanmar military in Lashio since Oct 2019. Villagers fields &amp; woodlands confiscated. New base to defend against N. Alliance says #Shan group. Militarization not only in #Karen State but also Shan State https://t.co/bkE9DVhViU https://t.co/gJZkfZOSLf,"Ly

red

enor

COR eo

Z

Co

CL acca ue

Pern

Pr cur ey

Pent eee

Update by the Shan Human Rights Foundation

eRe sey

Hundreds of villagers forced to build new Burma Army tactical command base east of Lashio near

PC cg

Since October 2019 Burma Army troops have forced hundreds of residents of eleven villages in

DOR ee Rr A i eC cet ee CEC cy

Dee Re ec ake eC RC Seem eu tees CUCL cog

nee

One person from each of the approximately 500 households in the tract has been forced to spend up

ue ee ae eee aes ous

Pk Cee

In December they were also forced to spend four days clearing fand and building new barracks for

CO ee A Ue

Se ee ete en cece eC mC he hc

and houses 300400 troops under Military Operations Command 10 rotating between Light Infantry

Battalions LIB 362 365 and 366 and sometimes Infantry Divisions ID 11 and 88

The new base appears intended to strengthen defences against the Brotherhood Alliance which

passed through this area to carry out attacks around Lashio in August 2019 and protect two main

trading routes to the China border the MuseLashioMandalay road and the HsenwiKunlong

eT atc B

Ce ene CU eS Ue eR

the construction of the Kunlong and Naung Pha dams on the Salween which are planned to export

power to China and strongly resisted by local communities

SO CUS en ce eR

governments alleged zerotolerance of this abuse for which it has recently set up a National

fees
"
103,karen,1231180059399999494,./tweet_data_general/ageism_2020-02/karen/tweets4/ERYHuw9UwAIaRUw.jpg,#Karen Really? Don‚Äôt they know we‚Äôre #Heather https://t.co/R2vQfsEe6b https://t.co/wH0zP5zqeK,"ww

ay

oth

wae

EYOU

in
"
104,karen,1231138909549158400,./tweet_data_general/ageism_2020-02/karen/tweets4/ERXiT81X0AEf7mv.jpg,"@bbcquestiontime allowed the totally inappropriate, factually inaccurate rant of the chief gammon to air her views without questioning the argument, without a challenge. They have then used this clip widely for clicks &amp; ¬£¬£¬£ #bbcqt #bbc #karen #Immigration #immigrationpolicy https://t.co/WX4VyCnL0V","rag

ree

1

Tom

vv

ene

os

w

V nt

7

s

Lak

4

A
"
105,karen,1231166407745863680,./tweet_data_general/ageism_2020-02/karen/tweets4/ERX7RRrXUAYoS-o.jpg,"https://t.co/X5vJQkASdO. #CICO #HONG #KONG / Topic / #Social #Media #Trends: Scores of #Hongkongers hit by #mask #scam on #Facebook, hundreds more could be #fraud #victims since #coronavirus #outbreak. Written by #Karen #Zhang. Read more: https://t.co/TwE4DD9Hm9. #CICO https://t.co/EdpMuXtWgV","a

s

A

i

J

nS

Z

a

wit
"
106,karen,1231158769297580032,./tweet_data_general/ageism_2020-02/karen/tweets4/ERXzdZDXsAACl79.jpg,"Two great books for Carpenters fans, available from Amazon. #thecarpenters #Karen #karenCarpenter #RichardCarpenter #Richard #PopMusic #greatsingers https://t.co/wlFUFqMpv0","As

as

ERS

CSTaaRy RVEY

i

Wy

sas

Ee

te

a

i

a

a

aed

nv TONY p

ATT akan

SY NGTON
"
107,karen,1231222569304350720,./tweet_data_general/ageism_2020-02/karen/tweets4/ERYuY5_UYAAOSHl.jpg,"IDP figure in Hpapun/Mutraw in Southeast üá≤üá≤ is up to 2,137 total as of today (Feb 22) according to local CBOs. All hiding in the forest with limited food, shelter materials, and medicines. Most sleeping on tarps laid on the forest floor. #myanmar #karen https://t.co/BQ1uw3TWBB","gees

a

8

BE

ot

be

ES

a

S

raf

shi

B

XA

we

3h

7

Fy

dN

oh

ny

we

Soe

eres

Sy

ee

ae

a

a

A

a

f

a

2

a

Se

ss

F

Ri

we

a

s

fs

EX

4

a

fh

4

5

se

Pa

y

4H

ving

id

on

SS

a

7

rs

cd

a

ae

ce

ee

o

4p

f

i

ae

ae

NN

a

S

aa

L
"
108,yoof,1232474339833831424,./tweet_data_general/ageism_2020-02/yoof/tweets4/ERqgsWWWsAAW_ky.jpg,"....everybody, will be think it's looks like #Yoof #chelsea #kindergarden tonight @SZ_Sport
plus honestly we are currently not sharp enough of a high level. But let them all go away plus we will be back in future and with blue style üöÄ #carefree https://t.co/JPgTFpdMm6","i

il

Seuyl ag Va

OME GAM

NE Hi

Youth

iz

iad

Chelsea V

it

all FC

Wee y

Lo b

a

sh

d

Thuts

AV

ailable

wae

tickets

ME
"
109,yoof,1232401480734380032,./tweet_data_general/ageism_2020-02/yoof/tweets4/ERpemy8XsAAW-np.jpg,"the old fashioned tuesday night local away day, how it should be done ü§¶‚Äç‚ôÇÔ∏è #YOOF https://t.co/zJ0TyzFWBY","Shi

taylor gibson

e

3hago

ooo

Barnet A

Send a Chat

o
"
